{
  "epochs": [
    1,
    2,
    3,
    4,
    5,
    6,
    7,
    8,
    9,
    10,
    11,
    12,
    13,
    14,
    15,
    16,
    17,
    18,
    19,
    20,
    21,
    22,
    23,
    24,
    25,
    26,
    27,
    28,
    29,
    30,
    31,
    32,
    33,
    34,
    35,
    36,
    37,
    38,
    39,
    40
  ],
  "loss": [
    2.32834754884243,
    2.053645994514227,
    1.9205698743462563,
    1.8413252383470535,
    1.7611472234129906,
    1.6844862550497055,
    1.6188949011266232,
    1.5654676593840122,
    1.5170274563133717,
    1.4680533073842525,
    1.4325002543628216,
    1.3855971656739712,
    1.3693802058696747,
    1.346287302672863,
    1.3382058441638947,
    1.3090968430042267,
    1.2872784361243248,
    1.287595495581627,
    1.2719946838915348,
    1.2632578127086163,
    1.2473072372376919,
    1.2295623198151588,
    1.223095029592514,
    1.2108739502727985,
    1.2037860490381718,
    1.1914439648389816,
    1.188733421266079,
    1.1862660981714725,
    1.1803579069674015,
    1.1770672872662544,
    1.1733008734881878,
    1.1764023527503014,
    1.1742674335837364,
    1.1668011359870434,
    1.1637827418744564,
    1.1639424599707127,
    1.1570165045559406,
    1.1594916880130768,
    1.1591435968875885,
    1.1509108282625675
  ]
}