{
  "epochs": [
    1,
    2,
    3,
    4,
    5,
    6,
    7,
    8,
    9,
    10,
    11,
    12,
    13,
    14,
    15,
    16,
    17,
    18,
    19,
    20,
    21,
    22,
    23,
    24,
    25,
    26,
    27,
    28,
    29,
    30,
    31,
    32,
    33,
    34,
    35,
    36,
    37,
    38,
    39,
    40
  ],
  "loss": [
    2.5037116557359695,
    2.254815697669983,
    2.165384765714407,
    2.1083248294889927,
    2.0884528309106827,
    2.0760305784642696,
    2.0415800735354424,
    2.0243357717990875,
    1.9965614937245846,
    1.967259157449007,
    1.9798354431986809,
    1.973816554993391,
    1.9617306292057037,
    1.95466173812747,
    1.9060786068439484,
    1.9322247207164764,
    1.931540172547102,
    1.9442456513643265,
    1.95222969353199,
    1.959790725260973,
    1.9740592874586582,
    1.97497196495533,
    1.9597794599831104,
    1.9417368695139885,
    1.9542201235890388,
    1.9271464347839355,
    1.9705083034932613,
    1.966823771595955,
    1.9383576922118664,
    1.9471545778214931,
    1.9466902166604996,
    1.9453544057905674,
    1.9698512814939022,
    2.011090964078903,
    1.9972705729305744,
    2.0146029740571976,
    1.96658581122756,
    1.9447146020829678,
    1.938961148262024,
    1.9682532027363777
  ]
}