{
  "epochs": [
    1,
    2,
    3,
    4,
    5,
    6,
    7,
    8,
    9,
    10,
    11,
    12,
    13,
    14,
    15,
    16,
    17,
    18,
    19,
    20,
    21,
    22,
    23,
    24,
    25,
    26,
    27,
    28,
    29,
    30,
    31,
    32,
    33,
    34,
    35,
    36,
    37,
    38,
    39,
    40
  ],
  "loss": [
    2.4144187048077583,
    2.1719814017415047,
    2.1276555098593235,
    2.0642034634947777,
    2.054609537124634,
    2.0332639068365097,
    2.036668539047241,
    1.9846100136637688,
    1.9770495854318142,
    1.9657289534807205,
    1.9649260714650154,
    1.9582450538873672,
    1.9465053789317608,
    1.9388635121285915,
    1.9196195527911186,
    1.9274572767317295,
    1.9587893672287464,
    1.9578698836266994,
    1.9483551494777203,
    1.9399578534066677,
    1.9237149395048618,
    1.92736392095685,
    1.9298329427838326,
    1.9200178906321526,
    1.9225752912461758,
    1.9306803606450558,
    1.920181181281805,
    1.9174366556107998,
    1.9420002102851868,
    1.933103285729885,
    1.9370454289019108,
    1.9011245444417,
    1.9111839644610882,
    1.8966421410441399,
    1.8806236572563648,
    1.8930482864379883,
    1.8863656148314476,
    1.8813828080892563,
    1.8771174512803555,
    1.8866705782711506
  ]
}