{
  "data_path": "/content/TrainingNames.txt",
  "out_dir": "/content/problem2_colab_out",
  "hyperparameters": {
    "epochs": 40,
    "batch_size": 32,
    "lr": 0.02,
    "embed_dim": 64,
    "hidden_dim": 128,
    "num_layers": 1
  },
  "runs": [
    {
      "kind": "rnn",
      "meta": {
        "model_kind": "rnn",
        "trainable_params": 30236,
        "vocab_size": 28,
        "embed_dim": 64,
        "hidden_dim": 128,
        "num_layers": 1,
        "learning_rate": 0.02,
        "epochs": 40,
        "batch_size": 32,
        "num_train_names": 1000
      },
      "loss_history": [
        2.4144187048077583,
        2.1719814017415047,
        2.1276555098593235,
        2.0642034634947777,
        2.054609537124634,
        2.0332639068365097,
        2.036668539047241,
        1.9846100136637688,
        1.9770495854318142,
        1.9657289534807205,
        1.9649260714650154,
        1.9582450538873672,
        1.9465053789317608,
        1.9388635121285915,
        1.9196195527911186,
        1.9274572767317295,
        1.9587893672287464,
        1.9578698836266994,
        1.9483551494777203,
        1.9399578534066677,
        1.9237149395048618,
        1.92736392095685,
        1.9298329427838326,
        1.9200178906321526,
        1.9225752912461758,
        1.9306803606450558,
        1.920181181281805,
        1.9174366556107998,
        1.9420002102851868,
        1.933103285729885,
        1.9370454289019108,
        1.9011245444417,
        1.9111839644610882,
        1.8966421410441399,
        1.8806236572563648,
        1.8930482864379883,
        1.8863656148314476,
        1.8813828080892563,
        1.8771174512803555,
        1.8866705782711506
      ],
      "checkpoint": "problem2_colab_out/checkpoint_rnn.pt",
      "loss_plot": "problem2_colab_out/loss_curve_rnn.png"
    },
    {
      "kind": "blstm",
      "meta": {
        "model_kind": "blstm",
        "trainable_params": 207644,
        "vocab_size": 28,
        "embed_dim": 64,
        "hidden_dim": 128,
        "num_layers": 1,
        "learning_rate": 0.02,
        "epochs": 40,
        "batch_size": 32,
        "num_train_names": 1000
      },
      "loss_history": [
        2.32834754884243,
        2.053645994514227,
        1.9205698743462563,
        1.8413252383470535,
        1.7611472234129906,
        1.6844862550497055,
        1.6188949011266232,
        1.5654676593840122,
        1.5170274563133717,
        1.4680533073842525,
        1.4325002543628216,
        1.3855971656739712,
        1.3693802058696747,
        1.346287302672863,
        1.3382058441638947,
        1.3090968430042267,
        1.2872784361243248,
        1.287595495581627,
        1.2719946838915348,
        1.2632578127086163,
        1.2473072372376919,
        1.2295623198151588,
        1.223095029592514,
        1.2108739502727985,
        1.2037860490381718,
        1.1914439648389816,
        1.188733421266079,
        1.1862660981714725,
        1.1803579069674015,
        1.1770672872662544,
        1.1733008734881878,
        1.1764023527503014,
        1.1742674335837364,
        1.1668011359870434,
        1.1637827418744564,
        1.1639424599707127,
        1.1570165045559406,
        1.1594916880130768,
        1.1591435968875885,
        1.1509108282625675
      ],
      "checkpoint": "problem2_colab_out/checkpoint_blstm.pt",
      "loss_plot": "problem2_colab_out/loss_curve_blstm.png"
    },
    {
      "kind": "attn",
      "meta": {
        "model_kind": "attn",
        "trainable_params": 66844,
        "vocab_size": 28,
        "embed_dim": 64,
        "hidden_dim": 128,
        "num_layers": 1,
        "learning_rate": 0.02,
        "epochs": 40,
        "batch_size": 32,
        "num_train_names": 1000
      },
      "loss_history": [
        2.5037116557359695,
        2.254815697669983,
        2.165384765714407,
        2.1083248294889927,
        2.0884528309106827,
        2.0760305784642696,
        2.0415800735354424,
        2.0243357717990875,
        1.9965614937245846,
        1.967259157449007,
        1.9798354431986809,
        1.973816554993391,
        1.9617306292057037,
        1.95466173812747,
        1.9060786068439484,
        1.9322247207164764,
        1.931540172547102,
        1.9442456513643265,
        1.95222969353199,
        1.959790725260973,
        1.9740592874586582,
        1.97497196495533,
        1.9597794599831104,
        1.9417368695139885,
        1.9542201235890388,
        1.9271464347839355,
        1.9705083034932613,
        1.966823771595955,
        1.9383576922118664,
        1.9471545778214931,
        1.9466902166604996,
        1.9453544057905674,
        1.9698512814939022,
        2.011090964078903,
        1.9972705729305744,
        2.0146029740571976,
        1.96658581122756,
        1.9447146020829678,
        1.938961148262024,
        1.9682532027363777
      ],
      "checkpoint": "problem2_colab_out/checkpoint_attn.pt",
      "loss_plot": "problem2_colab_out/loss_curve_attn.png"
    }
  ]
}